<?xml version="1.0" encoding="UTF-8"?>
<mapconfig>
	<item name="FabrikScript_Fabrik" locationType="FabrikScript" ProdPerHour="16000" position="990 0 680" showInProduction="true">
		<input name="Brennstoffe" capacity="75000" factor="0.4" fillTypes="straw woodChips wool" showInStorage="false" />
		<input name="Holz" capacity="400000" factor="1" fillTypes="woodChips" showInStorage="false" />
		<output name="woodChips" capacity="150000" factor="0.9" fillType="woodChips" showInStorage="true" />
		<output name="boardwood" capacity="8000" factor="1" fillType="boardwood" palettArea="960.1 663.1 961.7 683.3" palettPlaces="10" showInStorage="false" />
	</item>
	<item name="FabrikScript_Holzhacker" locationType="FabrikScript" ProdPerHour="50000" position="940 0 650" showInProduction="true">
		<input name="Holz" capacity="400000" factor="1" fillTypes="woodChips" showInStorage="false" />
		<output name="woodChips" capacity="150000" factor="0.9" fillType="woodChips" showInStorage="true" />
	</item>
	<item name="FabrikScript_compostMaster2k17" locationType="FabrikScript" ProdPerHour="50000" position="20 0 -700" showInProduction="true">
		<input name="cm_inputWaste" capacity="300000" factor="2" fillTypes="compost potato sugarBeet chaff silage grass grass_windrow dryGrass_windrow woodChips manure straw rye oat wheat barley rape" showInStorage="false" />
		<output name="cm_outputCompost" capacity="300000" factor="1" fillType="compost" showInStorage="true" />
	</item>
	<item name="FabrikScript_Klaerwerk" locationType="FabrikScript" ProdPerHour="40000" position="-160 0 750" showInProduction="true">
		<input name="Tip_RS1" capacity="600000" factor="1" fillTypes="liquidManure digestate" showInStorage="false" />
		<output name="RS_compost1" capacity="500000" factor="0.26" fillType="compost" showInStorage="true" />
		<output name="RM_Output2" capacity="800000" factor="0.65" fillType="water" showInStorage="true" />
	</item>
	<item name="FabrikScript_WeizenMehlfabrik" locationType="FabrikScript" ProdPerHour="5000" position="-830 0 -90" showInProduction="true">
		<input name="Tip_RSwheat" capacity="500000" factor="1" fillTypes="wheat" showInStorage="false" />
		<output name="mehlpalette" capacity="5000" factor="0.5" fillType="mehl" palettArea="-837.7 -98.8 -836.2 -82.7" palettPlaces="8" showInStorage="false" />
	</item>
	<item name="FabrikScript_GersteMehlfabrik" locationType="FabrikScript" ProdPerHour="5000" position="-830 0 -90" showInProduction="true">
		<input name="Tip_RSbarley" capacity="500000" factor="1" fillTypes="barley" showInStorage="false" />
		<output name="mehlpalette" capacity="5000" factor="0.5" fillType="mehl" palettArea="-845.7 -98.8 -844.2 -82.7" palettPlaces="8" showInStorage="false" />
	</item>
	<item name="FabrikScript_RoggenMehlfabrik" locationType="FabrikScript" ProdPerHour="5000" position="-830 0 -90" showInProduction="true">
		<input name="Tip_RSrye" capacity="500000" factor="1" fillTypes="rye" showInStorage="false" />
		<output name="mehlpalette" capacity="5000" factor="0.5" fillType="mehl" palettArea="-853.8 -98.8 -852.2 -82.7" palettPlaces="8" showInStorage="false" />
	</item>
	<item name="FabrikScript_Zuckerfabrik" locationType="FabrikScript" ProdPerHour="15000" position="-790 0 -930" showInProduction="true">
		<input name="Tip_RSzucker" capacity="2000000" factor="1" fillTypes="sugarBeet" showInStorage="false" />
		<input name="Tip_RSwater" capacity="500000" factor="0.7" fillTypes="water" showInStorage="false" />
		<output name="zuckerpalette" capacity="5000" factor="0.5" fillType="zucker" palettArea="-774.6 -929.4 -752.4 -925.2" palettPlaces="21" showInStorage="false" />
	</item>
	<item name="FabrikScript_Paletten_Fabrik" locationType="FabrikScript" ProdPerHour="25000" position="890 0 615" showInProduction="true">
		<input name="boardwood" capacity="352000" factor="0.5" fillTypes="boardwood" showInStorage="false" />
		<output name="woodChips" capacity="150000" factor="0.25" fillType="woodChips" showInStorage="true" />
		<output name="emptypallet" capacity="5000" factor="1" fillType="emptypallet" palettArea="866.4 618.5 882.6 624.7" palettPlaces="22" showInStorage="false" />
	</item>
	<item name="FabrikScript_BrauereiKasten" locationType="FabrikScript" ProdPerHour="5000" position="-930 0 440" showInProduction="true">
		<input name="Tip_RSbarley" capacity="500000" factor="0.8" fillTypes="barley" showInStorage="false" />
		<input name="hops" capacity="500000" factor="0.8" fillTypes="hops" showInStorage="false" />
		<input name="emptypallet" capacity="100000" factor="0.25" fillTypes="emptypallet" showInStorage="false" />
		<input name="Tip_RSwater" capacity="200000" factor="0.4" fillTypes="water" showInStorage="false" />
		<output name="bierpalettekasten" capacity="5000" factor="0.5" fillType="beer" palettArea="-945.5 417.6 -935.3 427.7" palettPlaces="21" showInStorage="false" />
	</item>
	<item name="FabrikScript_BrauereiFass" locationType="FabrikScript" ProdPerHour="5000" position="-950 0 470" showInProduction="true">
		<input name="Tip_RSwheat" capacity="500000" factor="0.8" fillTypes="wheat" showInStorage="false" />
		<input name="hops" capacity="500000" factor="0.8" fillTypes="hops" showInStorage="false" />
		<input name="emptypallet" capacity="100000" factor="0.25" fillTypes="emptypallet" showInStorage="false" />
		<input name="Tip_RSwater" capacity="200000" factor="0.4" fillTypes="water" showInStorage="false" />
		<output name="bierpalettefass" capacity="5000" factor="0.5" fillType="beerf" palettArea="-923.3 457.0 -913.0 467.3" palettPlaces="21" showInStorage="false" />
	</item>
	<item name="FabrikScript_Molkerei" locationType="FabrikScript" ProdPerHour="5000" position="-550 0 335" showInProduction="true">
		<input name="Tip_RSmilk" capacity="300000" factor="0.75" fillTypes="milk" showInStorage="false" />
		<input name="Tip_RSwater" capacity="200000" factor="0.3" fillTypes="water" showInStorage="false" />
		<input name="emptypallet" capacity="100000" factor="0.25" fillTypes="emptypallet" showInStorage="false" />
		<input name="palettepapier" capacity="100000" factor="0.5" fillTypes="papier" showInStorage="false" />
		<output name="palettebutter" capacity="5000" factor="0.25" fillType="butter" palettArea="-578.2 264.0 -568.0 272.0" palettPlaces="16" showInStorage="false" />
		<output name="palettemilch" capacity="5000" factor="0.25" fillType="milch" palettArea="-566.0 264.0 -556.0 272.0" palettPlaces="16" showInStorage="false" />
		<output name="palettesahne" capacity="5000" factor="0.25" fillType="sahne" palettArea="-553.8 264.0 -543.8 272.0" palettPlaces="16" showInStorage="false" />
		<output name="palettequark" capacity="5000" factor="0.25" fillType="quark" palettArea="-542.4 264.0 -531.4 272.0" palettPlaces="16" showInStorage="false" />
		<output name="paletteyogurt" capacity="5000" factor="0.25" fillType="yogurt" palettArea="-529.4 264.0 -519.4 272.0" palettPlaces="16" showInStorage="false" />
	</item>
	<item name="FabrikScript_Zellstoff_Fabrik" locationType="FabrikScript" ProdPerHour="12500" position="-930 0 -820" showInProduction="true">
		<input name="Hackschnitzel" capacity="500000" factor="0.5" fillTypes="woodChips" showInStorage="false" />
		<input name="Tip_RSwater" capacity="200000" factor="0.3" fillTypes="water" showInStorage="false" />
		<input name="emptypallet" capacity="150000" factor="0.25" fillTypes="emptypallet" showInStorage="false" />
		<output name="palettepapier" capacity="5000" factor="1" fillType="papier" palettArea="-973.0 -852.0 -967.0 -837.0" palettPlaces="22" showInStorage="false" />
		<output name="palette_karton" capacity="5000" factor="1" fillType="karton" palettArea="-973.0 -829.0 -967.0 -814.0" palettPlaces="22" showInStorage="false" />
	</item>
	<item name="FabrikScript_obst_apfel" locationType="FabrikScript" ProdPerHour="800" position="945 0 -805" showInProduction="true">
		<input name="Compost" capacity="100000" factor="0.3" fillTypes="compost" showInStorage="false" />
		<input name="Tip_RSwater" capacity="100000" factor="0.2" fillTypes="water" showInStorage="false" />
		<input name="emptypallet" capacity="100000" factor="0.2" fillTypes="emptypallet" showInStorage="false" />
		<input name="palette_karton" capacity="100000" factor="0.2" fillTypes="karton" showInStorage="false" />
		<output name="Apfelpalette" capacity="5000" factor="1" fillType="apfel" palettArea="877.6 -880.3 893.8 -876.1" palettPlaces="15" showInStorage="false" />
	</item>
	<item name="FabrikScript_obst_birne" locationType="FabrikScript" ProdPerHour="800" position="945 0 -865" showInProduction="true">
		<input name="Compost" capacity="100000" factor="0.3" fillTypes="compost" showInStorage="false" />
		<input name="Tip_RSwater" capacity="100000" factor="0.2" fillTypes="water" showInStorage="false" />
		<input name="emptypallet" capacity="100000" factor="0.2" fillTypes="emptypallet" showInStorage="false" />
		<input name="palette_karton" capacity="100000" factor="0.2" fillTypes="karton" showInStorage="false" />
		<output name="Birnenpalette" capacity="5000" factor="1" fillType="birne" palettArea="877.5 -893.1 893.8 -888.9" palettPlaces="15" showInStorage="false" />
	</item>
	<item name="FabrikScript_obst_kirsche" locationType="FabrikScript" ProdPerHour="800" position="945 0 -925" showInProduction="true">
		<input name="Compost" capacity="100000" factor="0.3" fillTypes="compost" showInStorage="false" />
		<input name="Tip_RSwater" capacity="100000" factor="0.2" fillTypes="water" showInStorage="false" />
		<input name="emptypallet" capacity="100000" factor="0.2" fillTypes="emptypallet" showInStorage="false" />
		<input name="palette_karton" capacity="100000" factor="0.2" fillTypes="karton" showInStorage="false" />
		<output name="Kirschpalette" capacity="5000" factor="1" fillType="kirsche" palettArea="877.6 -906.3 893.8 -902.0" palettPlaces="15" showInStorage="false" />
	</item>
	<item name="FabrikScript_obst_pflaume" locationType="FabrikScript" ProdPerHour="800" position="945 0 -980" showInProduction="true">
		<input name="Compost" capacity="100000" factor="0.3" fillTypes="compost" showInStorage="false" />
		<input name="Tip_RSwater" capacity="100000" factor="0.2" fillTypes="water" showInStorage="false" />
		<input name="emptypallet" capacity="100000" factor="0.2" fillTypes="emptypallet" showInStorage="false" />
		<input name="palette_karton" capacity="100000" factor="0.2" fillTypes="karton" showInStorage="false" />
		<output name="Pflaumenpalette" capacity="5000" factor="1" fillType="pflaume" palettArea="877.6 -918.4 893.8 -914.2" palettPlaces="15" showInStorage="false" />
	</item>
	<item name="FabrikScript_Kartoffelfabrik" locationType="FabrikScript" ProdPerHour="7500" position="-680 0 830" showInProduction="true">
		<input name="washedPotato" capacity="600000" factor="0.6" fillTypes="washedPotato" showInStorage="false" />
		<input name="emptypallet" capacity="280000" factor="0.25" fillTypes="emptypallet" showInStorage="false" />
		<input name="palette_karton" capacity="175000" factor="0.15" fillTypes="karton" showInStorage="false" />
		<input name="palettespeiseoel" capacity="225000" factor="0.15" fillTypes="oel" showInStorage="false" />
		<output name="palettechips" capacity="5000" factor="0.35" fillType="chips" palettArea="877.6 -918.4 893.8 -914.2" palettPlaces="15" showInStorage="false" />
		<output name="palettepommes" capacity="5000" factor="0.35" fillType="pommes" palettArea="-695.1 807.4 -690.8 823.6" palettPlaces="15" showInStorage="false" />
		<output name="palettekartoffelsack" capacity="5000" factor="0.35" fillType="kartoffelsack" palettArea="-675.9 807.4 -671.7 823.6" palettPlaces="15" showInStorage="false" />
	</item>
	<item name="FabrikScript_Brennerei_Korn" locationType="FabrikScript" ProdPerHour="400" position="-125 0 -800" showInProduction="true">
		<input name="Getreide" capacity="250000" factor="0.4" fillTypes="wheat rye oat barley" showInStorage="false" />
		<input name="Tip_RSwater" capacity="200000" factor="0.5" fillTypes="water" showInStorage="false" />
		<input name="emptypallet" capacity="120000" factor="0.2" fillTypes="emptypallet" showInStorage="false" />
		<input name="palette_karton" capacity="70000" factor="0.2" fillTypes="karton" showInStorage="false" />
		<input name="zuckerpalette" capacity="70000" factor="0.2" fillTypes="zucker" showInStorage="false" />
		<output name="palettekorn" capacity="5000" factor="1" fillType="korn" palettArea="-144.2 -814.3 -139.9 -798.1" palettPlaces="15" showInStorage="false" />
	</item>
	<item name="FabrikScript_Brennerei_Obstler" locationType="FabrikScript" ProdPerHour="400" position="-75 0 -800" showInProduction="true">
		<input name="Obstpalette" capacity="90000" factor="0.4" fillTypes="apfel kirsche pflaume birne" showInStorage="false" />
		<input name="Tip_RSwater" capacity="200000" factor="0.5" fillTypes="water" showInStorage="false" />
		<input name="emptypallet" capacity="120000" factor="0.2" fillTypes="emptypallet" showInStorage="false" />
		<input name="palette_karton" capacity="70000" factor="0.2" fillTypes="karton" showInStorage="false" />
		<input name="zuckerpalette" capacity="70000" factor="0.2" fillTypes="zucker" showInStorage="false" />
		<output name="paletteobstler" capacity="5000" factor="1" fillType="obstler" palettArea="-83.4 -815.2 -79.1 -798.8" palettPlaces="15" showInStorage="false" />
	</item>
	<item name="FabrikScript_HofladenApfel" locationType="FabrikScript" ProdPerHour="60" position="224 0 79" showInProduction="true">
		<input name="Apfel" capacity="15000" factor="1" fillTypes="apfel" showInStorage="false" />
		<output name="Geldkassette" capacity="25000" factor="3" fillType="geld" palettArea="220.7 80.5 220.9 80.7" palettPlaces="1" showInStorage="false" />
	</item>
	<item name="FabrikScript_HofladenBirne" locationType="FabrikScript" ProdPerHour="60" position="224 0 81" showInProduction="true">
		<input name="Birne" capacity="15000" factor="1" fillTypes="birne" showInStorage="false" />
		<output name="Geldkassette" capacity="25000" factor="3" fillType="geld" palettArea="220.7 83.2 220.9 83.4" palettPlaces="1" showInStorage="false" />
	</item>
	<item name="FabrikScript_HofladenPflaume" locationType="FabrikScript" ProdPerHour="60" position="225 0 85" showInProduction="true">
		<input name="Pflaumen" capacity="15000" factor="1" fillTypes="pflaume" showInStorage="false" />
		<output name="Geldkassette" capacity="25000" factor="3" fillType="geld" palettArea="227.7 83.2 227.9 83.4" palettPlaces="1" showInStorage="false" />
	</item>
	<item name="FabrikScript_Hofladenkirsche" locationType="FabrikScript" ProdPerHour="60" position="225 0 83" showInProduction="true">
		<input name="Kirschen" capacity="15000" factor="1" fillTypes="kirsche" showInStorage="false" />
		<output name="Geldkassette" capacity="25000" factor="3" fillType="geld" palettArea="227.7 80.5 227.9 80.7" palettPlaces="1" showInStorage="false" />
	</item>
	<item name="FabrikScript_Hofladentomaten" locationType="FabrikScript" ProdPerHour="60" position="216 0 83" showInProduction="true">
		<input name="Tomaten" capacity="15000" factor="1" fillTypes="tomaten" showInStorage="false" />
		<output name="Geldkassette" capacity="25000" factor="3" fillType="geld" palettArea="218.7 80.5 218.9 80.7" palettPlaces="1" showInStorage="false" />
	</item>
	<item name="FabrikScript_Hofladensalat" locationType="FabrikScript" ProdPerHour="60" position="216 0 85" showInProduction="true">
		<input name="Salat" capacity="15000" factor="1" fillTypes="salat" showInStorage="false" />
		<output name="Geldkassette" capacity="25000" factor="3" fillType="geld" palettArea="218.7 83.2 218.9 83.4" palettPlaces="1" showInStorage="false" />
	</item>
	<item name="FabrikScript_HofladenBlumenkohl" locationType="FabrikScript" ProdPerHour="60" position="215 0 79" showInProduction="true">
		<input name="Blumenkohl" capacity="15000" factor="1" fillTypes="blumenkohl" showInStorage="false" />
		<output name="Geldkassette" capacity="25000" factor="3" fillType="geld" palettArea="211.9 80.5 212.1 80.7" palettPlaces="1" showInStorage="false" />
	</item>
	<item name="FabrikScript_HofladenRotkohl" locationType="FabrikScript" ProdPerHour="60" position="215 0 81" showInProduction="true">
		<input name="Rotkohl" capacity="15000" factor="1" fillTypes="rotkohl" showInStorage="false" />
		<output name="Geldkassette" capacity="25000" factor="3" fillType="geld" palettArea="211.9 83.1 212.1 83.3" palettPlaces="1" showInStorage="false" />
	</item>
	<item name="FabrikScript_geldboxen" locationType="FabrikScript" ProdPerHour="100000" position="290 0 110" showInProduction="true">
		<input name="geld" capacity="250000" factor="1" fillTypes="geld" showInStorage="false" />
		<output name="geld" capacity="250000" factor="1" fillType="geld" palettArea="0 0 1 1" palettPlaces="1" showInStorage="false" />
	</item>
	<item name="FabrikScript_Pellets_Fabrik" locationType="FabrikScript" ProdPerHour="7500" position="890 0 680" showInProduction="true">
		<input name="Stroh_Hackschnitzel" capacity="500000" factor="1" fillTypes="straw woodChips" showInStorage="false" />
		<input name="emptypallet" capacity="240000" factor="0.2" fillTypes="emptypallet" showInStorage="false" />
		<output name="pellets" capacity="5000" factor="1" fillType="pellets" palettArea="866.4 656.3 872.7 672.6" palettPlaces="22" showInStorage="false" />
	</item>
	<item name="FabrikScript_Duenger_Prod" locationType="FabrikScript" ProdPerHour="10000" position="210 0 325" showInProduction="true">
		<input name="manure" capacity="100000" factor="1" fillTypes="manure" showInStorage="false" />
		<input name="liquidManure" capacity="100000" factor="1" fillTypes="liquidManure" showInStorage="false" />
		<output name="fertilizer" capacity="100000" factor="1" fillType="fertilizer" showInStorage="true" />
	</item>
	<item name="FabrikScript_Saat_Prod" locationType="FabrikScript" ProdPerHour="10000" position="240 0 325" showInProduction="true">
		<input name="grain" capacity="100000" factor="1" fillTypes="wheat maize barley rape" showInStorage="false" />
		<input name="fertilizer" capacity="100000" factor="0.3" fillTypes="fertilizer" showInStorage="false" />
		<output name="seeds" capacity="100000" factor="1" fillType="seeds" showInStorage="true" />
	</item>
	<item name="FabrikScript_Fertilizer" locationType="FabrikScript" ProdPerHour="2147483647" position="210 0 295" showInProduction="false">
		<input name="FS_fertilizer" capacity="500000" factor="1" fillTypes="fertilizer" showInStorage="true" />
		<output name="FS_fertilizer" capacity="500000" factor="1" fillType="fertilizer" showInStorage="true" />
	</item>
	<item name="FabrikScript_Saatgut" locationType="FabrikScript" ProdPerHour="2147483647" position="240 0 295" showInProduction="false">
		<input name="FS_Seeds" capacity="500000" factor="1" fillTypes="seeds" showInStorage="true" />
		<output name="FS_Seeds" capacity="500000" factor="1" fillType="seeds" showInStorage="true" />
	</item>
	<item name="FabrikScript_Schweinefutter" locationType="FabrikScript" ProdPerHour="2147483647" position="-66.7724 0.260557 -45.7668" showInProduction="false">
		<input name="Schweinefutter" capacity="500000" factor="1" fillTypes="pigFood" showInStorage="true" />
		<output name="Schweinefutter" capacity="500000" factor="1" fillType="pigFood" showInStorage="true" />
	</item>
	<item name="FabrikScript_kartoffellager" locationType="FabrikScript" ProdPerHour="1000000000" position="190 0 280" showInProduction="false">
		<input name="potato" capacity="500000" factor="1" fillTypes="potato" showInStorage="true" />
		<output name="potato" capacity="500000" factor="1" fillType="potato" showInStorage="true" />
	</item>
	<item name="FabrikScript_kartoffellager2" locationType="FabrikScript" ProdPerHour="1000000000" position="-670 0 780" showInProduction="false">
		<input name="potato" capacity="500000" factor="1" fillTypes="potato" showInStorage="true" />
		<output name="potato" capacity="500000" factor="1" fillType="potato" showInStorage="true" />
	</item>
	<item name="FabrikScript_zuckerrueben" locationType="FabrikScript" ProdPerHour="1000000000" position="170 0 270" showInProduction="false">
		<input name="sugarBeet" capacity="600000" factor="1" fillTypes="sugarBeet" showInStorage="true" />
		<output name="sugarBeet" capacity="500000" factor="1" fillType="sugarBeet" showInStorage="true" />
	</item>
	<item name="FabrikScript_Schweinefutterstation" locationType="FabrikScript" ProdPerHour="30000" position="200 0 350" showInProduction="true">
		<input name="Getreide" capacity="100000" factor="0.4" fillTypes="wheat barley maize oat rye" showInStorage="false" />
		<input name="Raps Sonnenblume Soja" capacity="100000" factor="0.3" fillTypes="rape sunflower soybean" showInStorage="false" />
		<input name="Erdfruechten" capacity="100000" factor="0.1" fillTypes="potato sugarBeet" showInStorage="false" />
		<output name="Schweinefutter" capacity="250000" factor="0.935" fillType="pigFood" showInStorage="true" />
	</item>
	<item name="FabrikScript_potatoWasher" locationType="FabrikScript" ProdPerHour="6000" position="-700 0 780" showInProduction="true">
		<input name="Kartoffeln" capacity="75000" factor="1" fillTypes="potato" showInStorage="false" />
		<input name="Wasser" capacity="25000" factor="0.01" fillTypes="water" showInStorage="false" />
		<input name="Diesel" capacity="5000" factor="0.01" fillTypes="fuel" showInStorage="false" />
		<output name="washedPotato" capacity="5000" factor="1" fillType="washedPotato" palettArea="-726.5 763.2 -710.3 767.8" palettPlaces="15" showInStorage="false" />
	</item>
	<item name="FabrikScript_potatoWasher2" locationType="FabrikScript" ProdPerHour="6000" position="-700 0 750" showInProduction="true">
		<input name="Kartoffeln" capacity="75000" factor="1" fillTypes="potato" showInStorage="false" />
		<input name="Wasser" capacity="25000" factor="0.01" fillTypes="water" showInStorage="false" />
		<input name="Diesel" capacity="5000" factor="0.01" fillTypes="fuel" showInStorage="false" />
		<output name="washedPotato" capacity="5000" factor="1" fillType="washedPotato" palettArea="-725.7 749.4 -709.3 754.0" palettPlaces="15" showInStorage="false" />
	</item>
	<item name="FabrikScript_Schlachterei" locationType="FabrikScript" ProdPerHour="50" position="-635 0 -95" showInProduction="true">
		<input name="Tier_Anlieferung" capacity="400" factor="0.4" fillTypes="pig cow sheep" showInStorage="false" />
		<input name="emptypallet" capacity="260000" factor="3" fillTypes="emptypallet" showInStorage="false" />
		<input name="palette_karton" capacity="170000" factor="3" fillTypes="karton" showInStorage="false" />
		<output name="Wurst" capacity="5000" factor="200" fillType="sausage" palettArea="-618.0 -118.4 -601.8 -114.2" palettPlaces="15" showInStorage="false" />
		<output name="Fleisch" capacity="5000" factor="200" fillType="meat" palettArea="-618.0 -113.0 -601.8 -108.8" palettPlaces="15" showInStorage="false" />
	</item>
	<item name="FabrikScript_Tomatenzucht" locationType="FabrikScript" ProdPerHour="1000" position="790 0 700" showInProduction="true">
		<input name="water" capacity="30000" factor="0.7" fillTypes="water" showInStorage="false" />
		<input name="compost" capacity="80000" factor="0.5" fillTypes="compost" showInStorage="false" />
		<input name="emptypallet" capacity="45000" factor="0.143" fillTypes="emptypallet" showInStorage="false" />
		<output name="tomaten" capacity="5000" factor="1" fillType="tomaten" palettArea="782.7 675.9 785.0 690.1" palettPlaces="7" showInStorage="false" />
	</item>
	<item name="FabrikScript_Salatzucht" locationType="FabrikScript" ProdPerHour="1000" position="850 0 700" showInProduction="true">
		<input name="water" capacity="30000" factor="0.7" fillTypes="water" showInStorage="false" />
		<input name="compost" capacity="80000" factor="0.5" fillTypes="compost" showInStorage="false" />
		<input name="emptypallet" capacity="45000" factor="0.143" fillTypes="emptypallet" showInStorage="false" />
		<output name="salat" capacity="5000" factor="1" fillType="salat" palettArea="849.6 675.8 851.9 690.2" palettPlaces="7" showInStorage="false" />
	</item>
	<item name="FabrikScript_Rotkohlzucht" locationType="FabrikScript" ProdPerHour="1000" position="790 0 650" showInProduction="true">
		<input name="water" capacity="30000" factor="0.7" fillTypes="water" showInStorage="false" />
		<input name="compost" capacity="80000" factor="0.5" fillTypes="compost" showInStorage="false" />
		<input name="emptypallet" capacity="45000" factor="0.143" fillTypes="emptypallet" showInStorage="false" />
		<output name="rotkohl" capacity="5000" factor="1" fillType="rotkohl" palettArea="783.4 648.9 785.6 663.1" palettPlaces="7" showInStorage="false" />
	</item>
	<item name="FabrikScript_Blumenkohlzucht" locationType="FabrikScript" ProdPerHour="1000" position="850 0 650" showInProduction="true">
		<input name="water" capacity="30000" factor="0.7" fillTypes="water" showInStorage="false" />
		<input name="compost" capacity="80000" factor="0.5" fillTypes="compost" showInStorage="false" />
		<input name="emptypallet" capacity="45000" factor="0.143" fillTypes="emptypallet" showInStorage="false" />
		<output name="blumenkohl" capacity="5000" factor="1" fillType="blumenkohl" palettArea="850.3 648.8 852.5 663.0" palettPlaces="7" showInStorage="false" />
	</item>
	<item name="FabrikScript_Weberei" locationType="FabrikScript" ProdPerHour="5000" position="820 0 600" showInProduction="true">
		<input name="Wolle" capacity="200000" factor="0.13" fillTypes="wool" showInStorage="false" />
		<input name="Wasser" capacity="150000" factor="0.5" fillTypes="water" showInStorage="false" />
		<output name="stoffrolleMK" capacity="5000" factor="1" fillType="stoffrolleMK" palettArea="814.4 582.8 820.7 605.1" palettPlaces="31" showInStorage="false" />
	</item>
	<item name="FabrikScript_compostlager" locationType="FabrikScript" ProdPerHour="2147483647" position="896 0 -942" showInProduction="false">
		<input name="Compost" capacity="800000" factor="1" fillTypes="compost" showInStorage="true" />
		<output name="Compost" capacity="800000" factor="1" fillTypes="compost" showInStorage="true" />
	</item>
	<item name="FabrikScript_compostlager2" locationType="FabrikScript" ProdPerHour="2147483647" position="810 0 649" showInProduction="false">
		<input name="Compost" capacity="800000" factor="1" fillTypes="compost" showInStorage="true" />
		<output name="Compost" capacity="800000" factor="1" fillTypes="compost" showInStorage="true" />
	</item>
	<item name="FabrikScript_Speiseoel_Fabrik" locationType="FabrikScript" ProdPerHour="7500" position="-950 0 560" showInProduction="true">
		<input name="Tip_RS" capacity="500000" factor="1" fillTypes="rape sunflower" showInStorage="false" />
		<input name="emptypallet" capacity="120000" factor="0.15" fillTypes="emptypallet" showInStorage="false" />
		<input name="palette_karton" capacity="100000" factor="0.15" fillTypes="karton" showInStorage="false" />
		<output name="RS_compost" capacity="500000" factor="0.3" fillType="compost" showInStorage="true" />
		<output name="palettespeiseoel" capacity="5000" factor="0.3" fillType="oel" palettArea="-932.1 585.7 -921.8 595.9" palettPlaces="21" showInStorage="false" />
	</item>
	<item name="FabrikScript_Diesel_Raffinerie" locationType="FabrikScript" ProdPerHour="7500" position="-950 0 600" showInProduction="true">
		<input name="Tip_RS" capacity="500000" factor="1" fillTypes="rape sunflower" showInStorage="false" />
		<output name="RS_compost" capacity="500000" factor="0.3" fillType="compost" showInStorage="true" />
		<output name="RM_Output" capacity="300000" factor="0.6" fillType="fuel" showInStorage="true" />
	</item>
	<item name="FabrikScript_KraftFutterHerstellung" locationType="FabrikScript" ProdPerHour="60000" position="578 0 -208" showInProduction="true">
		<input name="Stroh" capacity="300000" factor="0.3" fillTypes="straw" showInStorage="false" />
		<input name="Silage" capacity="300000" factor="0.4" fillTypes="silage" showInStorage="false" />
		<input name="Gras" capacity="300000" factor="0.3" fillTypes="grass_windrow dryGrass_windrow" showInStorage="false" />
		<output name="Mischfutter" capacity="300000" factor="1" fillType="forage" showInStorage="true" />
	</item>
	<item name="FabrikScript_Backerei_Brot" locationType="FabrikScript" ProdPerHour="5000" position="-940 0 10" showInProduction="true">
		<input name="emptypallet" capacity="120000" factor="0.15" fillTypes="emptypallet" showInStorage="false" />
		<input name="Tip_mehl" capacity="120000" factor="0.8" fillTypes="mehl" showInStorage="false" />
		<input name="Tip_RSwater" capacity="200000" factor="0.9" fillTypes="water" showInStorage="false" />
		<output name="brotpalette" capacity="5000" factor="1" fillType="brot" palettArea="-944.4 -35.8 -939.1 -13.6" palettPlaces="21" showInStorage="false" />
	</item>
	<item name="FabrikScript_Backerei_Backwaren" locationType="FabrikScript" ProdPerHour="5000" position="-940 0 10" showInProduction="true">
		<input name="emptypallet" capacity="120000" factor="0.12" fillTypes="emptypallet" showInStorage="false" />
		<input name="palette_karton" capacity="120000" factor="0.12" fillTypes="karton" showInStorage="false" />
		<input name="Tip_mehl" capacity="120000" factor="0.3" fillTypes="mehl" showInStorage="false" />
		<input name="zuckerpalette" capacity="120000" factor="0.3" fillTypes="zucker" showInStorage="false" />
		<input name="Milchpalette" capacity="120000" factor="0.2" fillTypes="milch" showInStorage="false" />
		<input name="Butterpalette" capacity="120000" factor="0.15" fillTypes="butter" showInStorage="false" />
		<output name="Backwaren" capacity="5000" factor="1" fillType="backwaren" palettArea="-936.6 -36.2 931.0 -13.9" palettPlaces="21" showInStorage="false" />
	</item>
	<item name="FabrikScript_Backerei_Kuchen" locationType="FabrikScript" ProdPerHour="5000" position="-940 0 10" showInProduction="true">
		<input name="emptypallet" capacity="120000" factor="0.12" fillTypes="emptypallet" showInStorage="false" />
		<input name="palette_karton" capacity="120000" factor="0.12" fillTypes="karton" showInStorage="false" />
		<input name="Obstpalette" capacity="120000" factor="0.3" fillTypes="apfel kirsche pflaume birne" showInStorage="false" />
		<input name="Tip_mehl" capacity="120000" factor="0.3" fillTypes="mehl" showInStorage="false" />
		<input name="Zuckerpalette" capacity="120000" factor="0.3" fillTypes="zucker" showInStorage="false" />
		<input name="Quarkpalette" capacity="120000" factor="0.2" fillTypes="quark" showInStorage="false" />
		<input name="Sahnepalette" capacity="120000" factor="0.15" fillTypes="sahne" showInStorage="false" />
		<output name="Kuchen" capacity="5000" factor="1" fillType="kuchen" palettArea="-927.8 -36.8 -922.5 -14.4" palettPlaces="21" showInStorage="false" />
	</item>
	<item name="FabrikScript_Lager_Backwaren" locationType="FabrikScript" ProdPerHour="14400001" position="-879.97 99.955 -746.65" showInProduction="false">
		<input name="Backwaren" capacity="625000" factor="1" fillTypes="backwaren" showInStorage="true" />
		<output name="Backwaren" capacity="5000" factor="1" fillType="backwaren" palettPlaces="999" showInStorage="false" />
	</item>
	<item name="FabrikScript_Lager_Kuchen" locationType="FabrikScript" ProdPerHour="14400001" position="-880.353 99.955 -734.012" showInProduction="false">
		<input name="Kuchen" capacity="625000" factor="1" fillTypes="kuchen" showInStorage="true" />
		<output name="Kuchen" capacity="5000" factor="1" fillType="kuchen" palettPlaces="999" showInStorage="false" />
	</item>
	<item name="FabrikScript_Lager_Papier" locationType="FabrikScript" ProdPerHour="50000000" position="-845.096 99.955 -551.867" showInProduction="false">
		<input name="palettepapier" capacity="340000" factor="1" fillTypes="papier" showInStorage="true" />
		<output name="palettepapier" capacity="5000" factor="1" fillType="papier" palettPlaces="999" showInStorage="false" />
	</item>
	<item name="FabrikScript_Lager_Karton" locationType="FabrikScript" ProdPerHour="50000000" position="-885.891 99.955 -477.953" showInProduction="false">
		<input name="palette_karton" capacity="330000" factor="1" fillTypes="karton" showInStorage="true" />
		<output name="palette_karton" capacity="5000" factor="1" fillType="karton" palettPlaces="999" showInStorage="false" />
	</item>
	<item name="FabrikScript_Lager_Leerpaletten" locationType="FabrikScript" ProdPerHour="14400001" position="-888.526 99.955 -471.539" showInProduction="false">
		<input name="emptypallet" capacity="335000" factor="1" fillTypes="emptypallet" showInStorage="true" />
		<output name="emptypallet" capacity="5000" factor="1" fillType="emptypallet" palettPlaces="999" showInStorage="false" />
	</item>
	<item name="FabrikScript_Lager_Apfel" locationType="FabrikScript" ProdPerHour="14400001" position="-930.6 99.955 -477.953" showInProduction="false">
		<input name="Apfelpalette" capacity="500000" factor="1" fillTypes="apfel" showInStorage="true" />
		<output name="Apfelpalette" capacity="5000" factor="1" fillType="apfel" palettPlaces="999" showInStorage="false" />
	</item>
	<item name="FabrikScript_Lager_Birne" locationType="FabrikScript" ProdPerHour="14400001" position="-930.7 99.955 -490.701" showInProduction="false">
		<input name="Birnenpalette" capacity="500000" factor="1" fillTypes="birne" showInStorage="true" />
		<output name="Birnenpalette" capacity="5000" factor="1" fillType="birne" palettPlaces="999" showInStorage="false" />
	</item>
	<item name="FabrikScript_Lager_Kirsche" locationType="FabrikScript" ProdPerHour="14400001" position="-933.68 99.955 -459.32" showInProduction="false">
		<input name="Kirschpalette" capacity="500000" factor="1" fillTypes="kirsche" showInStorage="true" />
		<output name="Kirschpalette" capacity="5000" factor="1" fillType="kirsche" palettPlaces="999" showInStorage="false" />
	</item>
	<item name="FabrikScript_Lager_Pflaume" locationType="FabrikScript" ProdPerHour="14400001" position="-933.6 99.955 -471.658" showInProduction="false">
		<input name="Pflaumenpalette" capacity="500000" factor="1" fillTypes="pflaume" showInStorage="true" />
		<output name="Pflaumenpalette" capacity="5000" factor="1" fillType="pflaume" palettPlaces="999" showInStorage="false" />
	</item>
	<item name="FabrikScript_Lager_Bierkasten" locationType="FabrikScript" ProdPerHour="14400001" position="-933.6 99.955 -531.733" showInProduction="false">
		<input name="bierpalettekasten" capacity="465000" factor="1" fillTypes="beer" showInStorage="true" />
		<output name="bierpalettekasten" capacity="5000" factor="1" fillType="beer" palettPlaces="999" showInStorage="false" />
	</item>
	<item name="FabrikScript_Lager_Bierfass" locationType="FabrikScript" ProdPerHour="14400001" position="-933.588 99.955 -519.388" showInProduction="false">
		<input name="bierpalettefass" capacity="465000" factor="1" fillTypes="beerf" showInStorage="true" />
		<output name="bierpalettefass" capacity="5000" factor="1" fillType="beerf" palettPlaces="999" showInStorage="false" />
	</item>
	<item name="FabrikScript_Lager_Zucker" locationType="FabrikScript" ProdPerHour="14400001" position="-930.714 99.955 -599.055" showInProduction="false">
		<input name="zuckerpalette" capacity="355000" factor="1" fillTypes="zucker" showInStorage="true" />
		<output name="zuckerpalette" capacity="5000" factor="1" fillType="zucker" palettPlaces="999" showInStorage="false" />
	</item>
	<item name="FabrikScript_Lager_Mehl" locationType="FabrikScript" ProdPerHour="14400001" position="-930.714 99.955 -611.621" showInProduction="false">
		<input name="mehlpalette" capacity="355000" factor="1" fillTypes="mehl" showInStorage="true" />
		<output name="mehlpalette" capacity="5000" factor="1" fillType="mehl" palettPlaces="999" showInStorage="false" />
	</item>
	<item name="FabrikScript_Lager_Milch" locationType="FabrikScript" ProdPerHour="14400001" position="-885.573 99.955 -611.621" showInProduction="false">
		<input name="palettemilch" capacity="625000" factor="1" fillTypes="milch" showInStorage="true" />
		<output name="palettemilch" capacity="5000" factor="1" fillType="milch" palettPlaces="999" showInStorage="false" />
	</item>
	<item name="FabrikScript_Lager_Butter" locationType="FabrikScript" ProdPerHour="14400001" position="-885.573 99.955 -598.991" showInProduction="false">
		<input name="palettebutter" capacity="625000" factor="1" fillTypes="butter" showInStorage="true" />
		<output name="palettebutter" capacity="5000" factor="1" fillType="butter" palettPlaces="999" showInStorage="false" />
	</item>
	<item name="FabrikScript_Lager_Quark" locationType="FabrikScript" ProdPerHour="14400001" position="-888.15 99.955 -580.32" showInProduction="false">
		<input name="palettequark" capacity="625000" factor="1" fillTypes="quark" showInStorage="true" />
		<output name="palettequark" capacity="5000" factor="1" fillType="quark" palettPlaces="999" showInStorage="false" />
	</item>
	<item name="FabrikScript_Lager_Sahne" locationType="FabrikScript" ProdPerHour="14400001" position="-933.269 99.955 -580.32" showInProduction="false">
		<input name="palettesahne" capacity="625000" factor="1" fillTypes="sahne" showInStorage="true" />
		<output name="palettesahne" capacity="5000" factor="1" fillType="sahne" palettPlaces="999" showInStorage="false" />
	</item>
	<item name="FabrikScript_Lager_Yogurt" locationType="FabrikScript" ProdPerHour="14400001" position="-888.223 99.955 -592.881" showInProduction="false">
		<input name="paletteyogurt" capacity="625000" factor="1" fillTypes="yogurt" showInStorage="true" />
		<output name="paletteyogurt" capacity="5000" factor="1" fillType="yogurt" palettPlaces="999" showInStorage="false" />
	</item>
	<item name="FabrikScript_Lager_Brot" locationType="FabrikScript" ProdPerHour="14400001" position="-933.233 99.955 -592.881" showInProduction="false">
		<input name="brotpalette" capacity="480000" factor="1" fillTypes="brot" showInStorage="true" />
		<output name="brotpalette" capacity="5000" factor="1" fillType="brot" palettPlaces="999" showInStorage="false" />
	</item>
	<item name="FabrikScript_Lager_kartoffelsack" locationType="FabrikScript" ProdPerHour="14400001" position="-944.192 99.955 -692.864" showInProduction="false">
		<input name="palettekartoffelsack" capacity="355000" factor="1" fillTypes="kartoffelsack" showInStorage="true" />
		<output name="palettekartoffelsack" capacity="5000" factor="1" fillType="kartoffelsack" palettPlaces="999" showInStorage="false" />
	</item>
	<item name="FabrikScript_Lager_Chips" locationType="FabrikScript" ProdPerHour="14400001" position="-946.992 99.955 -674.129" showInProduction="false">
		<input name="palettechips" capacity="625000" factor="1" fillTypes="chips" showInStorage="true" />
		<output name="palettechips" capacity="5000" factor="1" fillType="chips" palettPlaces="999" showInStorage="false" />
	</item>
	<item name="FabrikScript_Lager_pommes" locationType="FabrikScript" ProdPerHour="14400001" position="-946.872 99.955 -661.57" showInProduction="false">
		<input name="palettepommes" capacity="625000" factor="1" fillTypes="pommes" showInStorage="true" />
		<output name="palettepommes" capacity="5000" factor="1" fillType="pommes" palettPlaces="999" showInStorage="false" />
	</item>
	<item name="FabrikScript_Lager_washedPotato" locationType="FabrikScript" ProdPerHour="14400001" position="-944.192 99.955 -692.862" showInProduction="false">
		<input name="washedPotato" capacity="660000" factor="1" fillTypes="washedPotato" showInStorage="true" />
		<output name="washedPotato" capacity="5000" factor="1" fillType="washedPotato" palettPlaces="999" showInStorage="false" />
	</item>
	<item name="FabrikScript_Lager_oel" locationType="FabrikScript" ProdPerHour="14400001" position="-882.855 99.955 -715.35" showInProduction="false">
		<input name="palettespeiseoel" capacity="625000" factor="1" fillTypes="oel" showInStorage="true" />
		<output name="palettespeiseoel" capacity="5000" factor="1" fillType="oel" palettPlaces="999" showInStorage="false" />
	</item>
	<item name="FabrikScript_Lager_Wurst" locationType="FabrikScript" ProdPerHour="14400001" position="-880.353 99.955 -680.221" showInProduction="false">
		<input name="Wurst" capacity="625000" factor="1" fillTypes="sausage" showInStorage="true" />
		<output name="Wurst" capacity="5000" factor="1" fillType="sausage" palettPlaces="999" showInStorage="false" />
	</item>
	<item name="FabrikScript_Lager_Fleisch" locationType="FabrikScript" ProdPerHour="14400001" position="-879.978 99.955 -692.857" showInProduction="false">
		<input name="Fleisch" capacity="625000" factor="1" fillTypes="meat" showInStorage="true" />
		<output name="Fleisch" capacity="5000" factor="1" fillType="meat" palettPlaces="999" showInStorage="false" />
	</item>
	<item name="FabrikScript_Lager_obstler" locationType="FabrikScript" ProdPerHour="14400001" position="-930.413 99.955 -550.58" showInProduction="false">
		<input name="Obstler" capacity="625000" factor="1" fillTypes="obstler" showInStorage="true" />
		<output name="Obstler" capacity="5000" factor="1" fillType="obstler" palettPlaces="999" showInStorage="false" />
	</item>
	<item name="FabrikScript_Lager_Korn" locationType="FabrikScript" ProdPerHour="14400001" position="-930.783 99.955 -537.926" showInProduction="false">
		<input name="Korn" capacity="625000" factor="1" fillTypes="korn" showInStorage="true" />
		<output name="Korn" capacity="5000" factor="1" fillType="korn" palettPlaces="999" showInStorage="false" />
	</item>
	<item name="FabrikScript_Lager_Blumenkohl" locationType="FabrikScript" ProdPerHour="14400001" position="-942.432 99.955 -734.118" showInProduction="false">
		<input name="Blumenkohl" capacity="500000" factor="1" fillTypes="blumenkohl" showInStorage="true" />
		<output name="Blumenkohl" capacity="5000" factor="1" fillType="blumenkohl" palettPlaces="999" showInStorage="false" />
	</item>
	<item name="FabrikScript_Lager_Tomaten" locationType="FabrikScript" ProdPerHour="14400001" position="-945.382 99.955 -727.818" showInProduction="false">
		<input name="Tomatenpalette" capacity="500000" factor="1" fillTypes="tomaten" showInStorage="true" />
		<output name="Tomatenpalette" capacity="5000" factor="1" fillType="tomaten" palettPlaces="999" showInStorage="false" />
	</item>
	<item name="FabrikScript_Lager_Salat" locationType="FabrikScript" ProdPerHour="14400001" position="-945.46 99.955 -715.471" showInProduction="false">
		<input name="Salatpalette" capacity="500000" factor="1" fillTypes="salat" showInStorage="true" />
		<output name="Salatpalette" capacity="5000" factor="1" fillType="salat" palettPlaces="999" showInStorage="false" />
	</item>
	<item name="FabrikScript_Lager_Rotkohl" locationType="FabrikScript" ProdPerHour="14400001" position="-942.545 99.955 -746.861" showInProduction="false">
		<input name="Rotkohlpalette" capacity="500000" factor="1" fillTypes="rotkohl" showInStorage="true" />
		<output name="Rotkohlpalette" capacity="5000" factor="1" fillType="rotkohl" palettPlaces="999" showInStorage="false" />
	</item>
	<item name="FabrikScript_Lager_Pellets" locationType="FabrikScript" ProdPerHour="14400001" position="-888.5 99.955 -459.2" showInProduction="false">
		<input name="Pelletspalette" capacity="355000" factor="1" fillTypes="pellets" showInStorage="true" />
		<output name="Pelletspalette" capacity="5000" factor="1" fillType="pellets" palettPlaces="999" showInStorage="false" />
	</item>
	<item name="FabrikScript_Lager_Fisch" locationType="FabrikScript" ProdPerHour="14400001" position="-882.695 99.955 -674.11" showInProduction="false">
		<input name="Fischpalette" capacity="625000" factor="1" fillTypes="fisch" showInStorage="true" />
		<output name="Fischpalette" capacity="5000" factor="1" fillType="fisch" palettPlaces="999" showInStorage="false" />
	</item>
	<item name="FabrikScript_Fischerei" locationType="FabrikScript" ProdPerHour="1000" position="-963 0 -963" showInProduction="true">
		<input name="emptypallet" capacity="120000" factor="0.1" fillTypes="emptypallet" showInStorage="false" />
		<input name="cm_inputFuel" capacity="200000" factor="0.75" fillTypes="fuel" showInStorage="false" />
		<output name="Krabben" capacity="5000" factor="1" fillType="krabben" palettArea="-984.5 -991.3 -962.2 987.1" palettPlaces="21" showInStorage="false" />
		<output name="Fisch" capacity="5000" factor="1" fillType="fisch" palettArea="-984.5 -979.3 -962.2 -974.9" palettPlaces="21" showInStorage="false" />
	</item>
	<item name="FabrikScript_Lager_Krabben" locationType="FabrikScript" ProdPerHour="14400001" position="-882.695 99.955 -686.78" showInProduction="false">
		<input name="Krabbenpalette" capacity="625000" factor="1" fillTypes="krabben" showInStorage="true" />
		<output name="Krabbenpalette" capacity="5000" factor="1" fillType="krabben" palettPlaces="999" showInStorage="false" />
	</item>
</mapconfig>
