<?xml version="1.0" encoding="UTF-8"?>
<mapconfig><l10n><text name="cm_inputWaste"><de>Abfall</de></text><text name="apfel"><de>Apfel</de></text><text name="Apfel"><de>Apfel</de></text><text name="Apfelpalette"><de>Apfel</de></text><text name="palette_apfel"><de>Apfel</de></text><text name="backwaren"><de>Backwaren</de></text><text name="Backwaren"><de>Backwaren</de></text><text name="palettebackwaren"><de>Backwaren</de></text><text name="beerf"><de>Bierfass</de></text><text name="bierpalettefass"><de>Bierfass</de></text><text name="beer"><de>Bierkasten</de></text><text name="bierpalettekasten"><de>Bierkasten</de></text><text name="birne"><de>Birne</de></text><text name="Birnenpalette"><de>Birne</de></text><text name="palette_birne"><de>Birne</de></text><text name="Birne"><de>Birne</de></text><text name="blumenkohl"><de>Blumenkohl</de></text><text name="Blumenkohl"><de>Blumenkohl</de></text><text name="palette_blumenkohl"><de>Blumenkohl</de></text><text name="Brennstoffe"><de>Brennstoffe</de></text><text name="boardPallet"><de>Bretter</de></text><text name="boardwood"><de>Bretter</de></text><text name="brot"><de>Brot</de></text><text name="brotpalette"><de>Brot</de></text><text name="palettebrod"><de>Brot</de></text><text name="palettebutter"><de>Butter</de></text><text name="Butterpalette"><de>Butter</de></text><text name="butter"><de>Butter</de></text><text name="chips"><de>Chips</de></text><text name="palettechips"><de>Chips</de></text><text name="palette_chips"><de>Chips</de></text><text name="RM_Output"><de>Diesel</de></text><text name="Diesel"><de>Diesel</de></text><text name="fuel"><de>Diesel</de></text><text name="cm_inputFuel"><de>Diesel</de></text><text name="bigBagContainerFertilizer"><de>Dünger</de></text><text name="FS_fertilizer"><de>Dünger</de></text><text name="fertilizer"><de>Dünger</de></text><text name="Erdfruechten"><de>Erdfrüchte</de></text><text name="meat"><de>Fleisch</de></text><text name="Fleisch"><de>Fleisch</de></text><text name="palette_fleisch"><de>Fleisch</de></text><text name="fisch"><de>Fisch</de></text><text name="Fisch"><de>Fisch</de></text><text name="Fischpalette"><de>Fisch</de></text><text name="palettefisch"><de>Fisch</de></text><text name="liquidFertilizer"><de>Flüssigdünger</de></text><text name="fertilizerTank"><de>Flüssigdünger</de></text><text name="Tip_RS1"><de>Gärreste oder Gülle</de></text><text name="Tip_RSbarley"><de>Gerste</de></text><text name="barley"><de>Gerste</de></text><text name="grain"><de>Getreide</de></text><text name="Getreide"><de>Getreide</de></text><text name="washedPotato"><de>gewasch. Kartoffeln</de></text><text name="palette_washedPotato"><de>gewasch. Kartoffeln</de></text><text name="grass_windrow"><de>Gras</de></text><text name="baleGrass240"><de>Gras</de></text><text name="Gras"><de>Gras</de></text><text name="grass"><de>Gras</de></text><text name="grass_windrow_dryGrass_windrow"><de>Gras oder Heu</de></text><text name="digestate"><de>Gärreste</de></text><text name="liquidManure"><de>Gülle</de></text><text name="woodChips"><de>Hackschnitzel</de></text><text name="Hackschnitzel"><de>Hackschnitzel</de></text><text name="chaff"><de>Häckselgut</de></text><text name="Holz"><de>Holzstämme</de></text><text name="oat"><de>Hafer</de></text><text name="dryGrass_windrow"><de>Heu</de></text><text name="baleHay240"><de>Heu</de></text><text name="roundbaleHay_w112_d130"><de>Heu</de></text><text name="hops"><de>Hopfen</de></text><text name="yogurt"><de>Joghurt</de></text><text name="paletteyogurt"><de>Joghurt</de></text><text name="palette_karton"><de>Karton</de></text><text name="karton"><de>Karton</de></text><text name="potato"><de>Kartoffeln</de></text><text name="Kartoffeln"><de>Kartoffeln</de></text><text name="potato_sugarBeet_pigFood"><de>Kartoffeln oder Zuckerrüben</de></text><text name="kartoffelsack"><de>Kartoffelsack</de></text><text name="palettekartoffelsack"><de>Kartoffelsack</de></text><text name="palette_kartoffeln"><de>Kartoffelsack</de></text><text name="kirsche"><de>Kirsche</de></text><text name="Kirschen"><de>Kirsche</de></text><text name="Kirschpalette"><de>Kirsche</de></text><text name="palette_kirsche"><de>Kirsche</de></text><text name="compost"><de>Kompost</de></text><text name="RS_compost1"><de>Kompost</de></text><text name="cm_outputCompost"><de>Kompost</de></text><text name="RS_compost"><de>Kompost</de></text><text name="Compost"><de>Kompost</de></text><text name="korn"><de>Korn</de></text><text name="Korn"><de>Korn</de></text><text name="palettekorn"><de>Korn</de></text><text name="palette_korn"><de>Korn</de></text><text name="krabben"><de>Krabben</de></text><text name="Krabben"><de>Krabben</de></text><text name="Krabbenpalette"><de>Krabben</de></text><text name="palettekrabben"><de>Krabben</de></text><text name="kuchen"><de>Kuchen</de></text><text name="Kuchen"><de>Kuchen</de></text><text name="palettekuchen"><de>Kuchen</de></text><text name="maize"><de>Körnermais</de></text><text name="maize_pigFood"><de>Körnermais</de></text><text name="cow"><de>Kühe</de></text><text name="emptypallet"><de>Leere Paletten</de></text><text name="palletPallet"><de>Leere Paletten</de></text><text name="mehlpalette"><de>Mehl</de></text><text name="mehl"><de>Mehl</de></text><text name="palettemehlgerste1"><de>Mehl</de></text><text name="palettemehlroggen1"><de>Mehl</de></text><text name="palettemehlweizen1"><de>Mehl</de></text><text name="Tip_mehl"><de>Mehl</de></text><text name="Tip_RSmilk"><de>Milch</de></text><text name="milk"><de>Milch</de></text><text name="forage"><de>Mischfutter</de></text><text name="Mischfutter"><de>Mischfutter</de></text><text name="powerFood"><de>Mischfutter</de></text><text name="manure"><de>Mist</de></text><text name="geld"><de>Geld</de></text><text name="Geldkassette"><de>Geld</de></text><text name="geldkassette"><de>Geld</de></text><text name="geldkassetteg"><de>Geld</de></text><text name="Obstpalette"><de>Obst</de></text><text name="obstler"><de>Obstler</de></text><text name="Obstler"><de>Obstler</de></text><text name="paletteobstler"><de>Obstler</de></text><text name="palette_obstler"><de>Obstler</de></text><text name="palettepapier"><de>Papier</de></text><text name="papier"><de>Papier</de></text><text name="palletPoplar"><de>Pappelsetzlinge</de></text><text name="pellets"><de>Pellets</de></text><text name="palette_pellets"><de>Pellets</de></text><text name="Pelletspalette"><de>Pellets</de></text><text name="pflaume"><de>Pflaume</de></text><text name="Pflaumen"><de>Pflaume</de></text><text name="Pflaumenpalette"><de>Pflaume</de></text><text name="palette_pflaume"><de>Pflaume</de></text><text name="Raps Sonnenblume Soja"><de>Protein</de></text><text name="pommes"><de>Pommes</de></text><text name="palettepommes"><de>Pommes</de></text><text name="palette_pommes"><de>Pommes</de></text><text name="palettequark"><de>Quark</de></text><text name="Quarkpalette"><de>Quark</de></text><text name="quark"><de>Quark</de></text><text name="rape"><de>Raps</de></text><text name="Tip_RS"><de>Raps oder Sonnenblumen</de></text><text name="rape_sunflower_soybean_pigFood"><de>Raps, Sonnenblumen oder Sojabohnen</de></text><text name="rye"><de>Roggen</de></text><text name="Tip_RSrye"><de>Roggen</de></text><text name="rotkohl"><de>Rotkohl</de></text><text name="Rotkohl"><de>Rotkohl</de></text><text name="Rotkohlpalette"><de>Rotkohl</de></text><text name="palette_rotkohl"><de>Rotkohl</de></text><text name="FS_Seeds"><de>Saatgut</de></text><text name="seeds"><de>Saatgut</de></text><text name="bigBagContainerSeeds"><de>Saatgut</de></text><text name="palettesahne"><de>Sahne</de></text><text name="Sahnepalette"><de>Sahne</de></text><text name="sahne"><de>Sahne</de></text><text name="salat"><de>Salat</de></text><text name="Salat"><de>Salat</de></text><text name="Salatpalette"><de>Salat</de></text><text name="palette_salat"><de>Salat</de></text><text name="sheep"><de>Schafe</de></text><text name="pig"><de>Schweine</de></text><text name="bigBagContainerPigFood"><de>Schweinefutter</de></text><text name="pigFood"><de>Schweinefutter</de></text><text name="Schweinefutter"><de>Schweinefutter</de></text><text name="treeSaplings"><de>Setzlinge</de></text><text name="treeSaplingPallet"><de>Setzlinge</de></text><text name="Silage"><de>Silage</de></text><text name="silage"><de>Silage</de></text><text name="silage_dryGrass_windrow"><de>Silage oder Heu</de></text><text name="soybean"><de>Sojabohnen</de></text><text name="sunflower"><de>Sonnenblumen</de></text><text name="palettespeiseoel"><de>Speiseöl</de></text><text name="palette_oel"><de>Speiseöl</de></text><text name="oel"><de>Speiseöl</de></text><text name="stoffrolleMK"><de>Stoffrolle</de></text><text name="palette_stoff"><de>Stoffrolle</de></text><text name="straw"><de>Stroh</de></text><text name="Stroh"><de>Stroh</de></text><text name="baleStraw240"><de>Stroh</de></text><text name="Stroh_Hackschnitzel"><de>Stroh oder Hackschnitzel</de></text><text name="tomaten"><de>Tomate</de></text><text name="Tomaten"><de>Tomate</de></text><text name="Tomatenpalette"><de>Tomate</de></text><text name="palette_tomaten"><de>Tomate</de></text><text name="Tier_Anlieferung"><de>Vieh</de></text><text name="palettemilch"><de>Vollmilch</de></text><text name="Milchpalette"><de>Vollmilch</de></text><text name="milch"><de>Vollmilch</de></text><text name="RM_Output2"><de>Wasser</de></text><text name="Tip_RSwater"><de>Wasser</de></text><text name="Wasser"><de>Wasser</de></text><text name="water"><de>Wasser</de></text><text name="wheat"><de>Weizen</de></text><text name="Tip_RSwheat"><de>Weizen</de></text><text name="wheat_barley_pigFood"><de>Weizen oder Gerste</de></text><text name="wool"><de>Wolle</de></text><text name="Wolle"><de>Wolle</de></text><text name="woolPallet"><de>Wolle</de></text><text name="sausage"><de>Wurst</de></text><text name="palette_wurst"><de>Wurst</de></text><text name="Wurst"><de>Wurst</de></text><text name="zucker"><de>Zucker</de></text><text name="palettezucker"><de>Zucker</de></text><text name="Zuckerpalette"><de>Zucker</de></text><text name="zuckerpalette"><de>Zucker</de></text><text name="sugarBeet"><de>Zuckerrüben</de></text><text name="Tip_RSzucker"><de>Zuckerrüben</de></text><text name="TipTrigger_BAHNHOF"><de>Bahnhof</de></text><text name="TipTrigger_HAFEN"><de>Hafen</de></text><text name="TipTrigger_DEPOT"><de>Depot</de></text><text name="TipTrigger_RAIFFEISEN"><de>Raiffeisen</de></text><text name="TipTrigger_GETREIDEHANDEL"><de>Getreidehandel</de></text><text name="TipTrigger_SUPERMARKT"><de>Edeka</de></text><text name="TipTrigger_SUPERMARKT1"><de>Lidl</de></text><text name="TipTrigger_STADION"><de>Stadion</de></text><text name="TipTrigger_WOLLEVERKAUF"><de>Palettenverkauf</de></text><text name="TipTrigger_WOLLEVERKAUF1"><de>Palettenverkauf (Hafen)</de></text><text name="TipTrigger_SAWMILL"><de>Sägewerk</de></text><text name="TipTrigger_WASSERKAUF"><de>Wasserverkauf</de></text><text name="TipTrigger_HEIZWERK"><de>Heizwerk</de></text><text name="TipTrigger_WINDROW_SALE"><de>Stroh- und Grasverkauf</de></text><text name="TipTrigger_BIOGAS"><de>BGA Nord</de></text><text name="TipTrigger_TANKE"><de>Araltankstelle 1</de></text><text name="TipTrigger_TANKE2"><de>Araltankstelle 2</de></text><text name="TipTrigger_BANK"><de>VR Bank</de></text><text name="FabrikScript_Backerei_Brot"><de>Bäckerei (Brot)</de></text><text name="FabrikScript_Backerei_Backwaren"><de>Bäckerei (Backwaren)</de></text><text name="FabrikScript_Backerei_Kuchen"><de>Bäckerei (Kuchen)</de></text><text name="FabrikScript_Fischerei"><de>Fischerei</de></text><text name="outOfMap"><de>Außerhalb der Karte</de></text><text name="Bga"><de>BGA Süd</de></text><text name="BunkerSilo_silo001"><de>BGA Süd Fahrsilo 1</de></text><text name="BunkerSilo_silo002"><de>BGA Süd Fahrsilo 2</de></text><text name="BunkerSilo_silo003"><de>BGA Süd Fahrsilo 3</de></text><text name="BunkerSilo_silo004"><de>BGA Süd Fahrsilo 4</de></text><text name="BunkerSilo_silo005"><de>BGA Süd Fahrsilo 5</de></text><text name="BunkerSilo_cowSilo"><de>Kuhstall Fahrsilo</de></text><text name="BunkerSilo_Silo1"><de>BGA Nord Fahrsilo 1</de></text><text name="BunkerSilo_Silo2"><de>BGA Nord Fahrsilo 2</de></text><text name="FabrikScript_Oel_Raffinerie_Raps"><de>Biodiesel- und Rapsraffinerie</de></text><text name="FabrikScript_BrauereiFass"><de>Brauerei Fass</de></text><text name="FabrikScript_BrauereiKasten"><de>Brauerei Kasten</de></text><text name="FabrikScript_Brennerei_Korn"><de>Brennerei (Korn)</de></text><text name="FabrikScript_Brennerei_Obstler"><de>Brennerei (Obstler)</de></text><text name="FabrikScript_compostMaster2k17"><de>compostMaster 2k17</de></text><text name="FabrikScript_Fertilizer"><de>Düngerlager</de></text><text name="FabrikScript_Duenger_Prod"><de>Düngerproduktion</de></text><text name="FabrikScript_KraftFutterHerstellung"><de>Futterfabrik</de></text><text name="FabrikScript_Blumenkohlzucht"><de>Gewächshaus (Blumenkohl)</de></text><text name="FabrikScript_Rotkohlzucht"><de>Gewächshaus (Rotkohl)</de></text><text name="FabrikScript_Salatzucht"><de>Gewächshaus (Salat)</de></text><text name="FabrikScript_Tomatenzucht"><de>Gewächshaus (Tomate)</de></text><text name="FabrikScript_HofladenApfel"><de>Hofladen (Apfel)</de></text><text name="FabrikScript_HofladenBirne"><de>Hofladen (Birne)</de></text><text name="FabrikScript_HofladenBlumenkohl"><de>Hofladen (Blumenkohl)</de></text><text name="FabrikScript_Hofladenkirsche"><de>Hofladen (Kirsche)</de></text><text name="FabrikScript_HofladenPflaume"><de>Hofladen (Pflaume)</de></text><text name="FabrikScript_HofladenRotkohl"><de>Hofladen (Rotkohl)</de></text><text name="FabrikScript_Hofladensalat"><de>Hofladen (Salat)</de></text><text name="FabrikScript_Hofladentomaten"><de>Hofladen (Tomate)</de></text><text name="Storage_storage1"><de>Hofsilo</de></text><text name="fuelStation_Hoftankstelle"><de>Hoftankstelle</de></text><text name="FabrikScript_Holzhacker"><de>Holzhacker</de></text><text name="FabrikScript_Kartoffelfabrik"><de>Kartoffelfabrik</de></text><text name="FabrikScript_potatoWasher"><de>Kartoffelwaschanlage 1</de></text><text name="FabrikScript_potatoWasher2"><de>Kartoffelwaschanlage 2</de></text><text name="FabrikScript_Klaerwerk"><de>Klärwerk</de></text><text name="Animals_cow"><de>Kuhstall</de></text><text name="FabrikScript_kartoffellager"><de>Lagerhalle (Hof)</de></text><text name="FabrikScript_kartoffellager2"><de>Lagerhalle (Waschanlage)</de></text><text name="onMap"><de>Landschaft</de></text><text name="FabrikScript_GersteMehlfabrik"><de>Mehlfabrik (Gerste)</de></text><text name="FabrikScript_RoggenMehlfabrik"><de>Mehlfabrik (Roggen)</de></text><text name="FabrikScript_WeizenMehlfabrik"><de>Mehlfabrik (Weizen)</de></text><text name="FabrikScript_Molkerei"><de>Molkerei</de></text><text name="FabrikScript_geldboxen"><de>Münzzähler</de></text><text name="FabrikScript_obst_apfel"><de>Obstfarm (Apfel)</de></text><text name="FabrikScript_obst_birne"><de>Obstfarm (Birne)</de></text><text name="FabrikScript_obst_kirsche"><de>Obstfarm (Kirsche)</de></text><text name="FabrikScript_obst_pflaume"><de>Obstfarm (Pflaume)</de></text><text name="FabrikScript_Lager_Apfel"><de>Palettenlager</de></text><text name="FabrikScript_Lager_Bierfass"><de>Palettenlager</de></text><text name="FabrikScript_Lager_Bierkasten"><de>Palettenlager</de></text><text name="FabrikScript_Lager_Birne"><de>Palettenlager</de></text><text name="FabrikScript_Lager_Blumenkohl"><de>Palettenlager</de></text><text name="FabrikScript_Lager_Brot"><de>Palettenlager</de></text><text name="FabrikScript_Lager_Butter"><de>Palettenlager</de></text><text name="FabrikScript_Lager_Chips"><de>Palettenlager</de></text><text name="FabrikScript_Lager_Fleisch"><de>Palettenlager</de></text><text name="FabrikScript_Lager_kartoffelsack"><de>Palettenlager</de></text><text name="FabrikScript_Lager_Karton"><de>Palettenlager</de></text><text name="FabrikScript_Lager_Kirsche"><de>Palettenlager</de></text><text name="FabrikScript_Lager_Korn"><de>Palettenlager</de></text><text name="FabrikScript_Lager_Leerpaletten"><de>Palettenlager</de></text><text name="FabrikScript_Lager_Mehl"><de>Palettenlager</de></text><text name="FabrikScript_Lager_Milch"><de>Palettenlager</de></text><text name="FabrikScript_Lager_obstler"><de>Palettenlager</de></text><text name="FabrikScript_Lager_oel"><de>Palettenlager</de></text><text name="FabrikScript_Lager_Papier"><de>Palettenlager</de></text><text name="FabrikScript_Lager_Pflaume"><de>Palettenlager</de></text><text name="FabrikScript_Lager_pommes"><de>Palettenlager</de></text><text name="FabrikScript_Lager_Quark"><de>Palettenlager</de></text><text name="FabrikScript_Lager_Rotkohl"><de>Palettenlager</de></text><text name="FabrikScript_Lager_Sahne"><de>Palettenlager</de></text><text name="FabrikScript_Lager_Salat"><de>Palettenlager</de></text><text name="FabrikScript_Lager_Tomaten"><de>Palettenlager</de></text><text name="FabrikScript_Lager_washedPotato"><de>Palettenlager</de></text><text name="FabrikScript_Lager_Wurst"><de>Palettenlager</de></text><text name="FabrikScript_Lager_Yogurt"><de>Palettenlager</de></text><text name="FabrikScript_Lager_Zucker"><de>Palettenlager</de></text><text name="FabrikScript_Paletten_Fabrik"><de>Palettenwerk</de></text><text name="FabrikScript_Lager_Pellets"><de>Palettenlager</de></text><text name="FabrikScript_Pellets_Fabrik"><de>Pelletfabrik</de></text><text name="FabrikScript_Lager_Backwaren"><de>Palettenlager</de></text><text name="FabrikScript_Lager_Kuchen"><de>Palettenlager</de></text><text name="FabrikScript_Lager_Fisch"><de>Palettenlager</de></text><text name="FabrikScript_Lager_Krabben"><de>Palettenlager</de></text><text name="FabrikScript_Saatgut"><de>Saatgutlager</de></text><text name="FabrikScript_Saat_Prod"><de>Saatgutproduktion</de></text><text name="FabrikScript_Fabrik"><de>Sägewerk</de></text><text name="Animals_sheep"><de>Schafweide</de></text><text name="FabrikScript_Schlachterei"><de>Schlachter</de></text><text name="FabrikScript_Schweinefutter"><de>Schweinefutterlager</de></text><text name="FabrikScript_Schweinefutterstation"><de>Schweinefutterstation</de></text><text name="Animals_pig"><de>Schweinestall</de></text><text name="fuelStation_Tankstelle_BGA_Nord"><de>Tankstelle BGA Nord</de></text><text name="fuelStation_Tankstelle_BGA_Sued"><de>Tankstelle BGA süd</de></text><text name="fuelStation_Tankstelle_Raffinerie"><de>Tankstelle Raffinerie</de></text><text name="FabrikScript_Weberei"><de>Weberei</de></text><text name="FabrikScript_Zellstoff_Fabrik"><de>Zellstofffabrik</de></text><text name="FabrikScript_Zuckerfabrik"><de>Zuckerfabrik</de></text><text name="FabrikScript_zuckerrueben"><de>Zuckerrübenlager (Hof)</de></text><text name="FabrikScript_Diesel_Raffinerie"><de>Diesel Raffinerie</de></text><text name="FabrikScript_Speiseoel_Fabrik"><de>Speiseöl Fabrik</de></text><text name="FabrikScript_compostlager2"><de>Kompostlager (Gewächshäuser)</de></text><text name="FabrikScript_compostlager"><de>Kompostlager (Obstfarm)</de></text></l10n></mapconfig>
