<?xml version="1.0" encoding="UTF-8"?>
<mapconfig>
	<l10n>
		<text name="FabrikScript_Backerei_Backwaren">
			<en>Bakery (pastries)</en>
			<de>Bäckerei (Backwaren)</de>
			<fr>Boulangerie (pâtisserie)</fr>
		</text>
		<text name="FabrikScript_Backerei_Brot">
			<en>Bakery (bread)</en>
			<de>Bäckerei (Brot)</de>
			<fr>Boulangerie (pain)</fr>
		</text>
		<text name="FabrikScript_Backerei_Kuchen">
			<en>Bakery (Cake)</en>
			<de>Bäckerei (Kuchen)</de>
			<fr>Boulangerie (gâteau)</fr>
		</text>
		<text name="FabrikScript_Blumenkohlzucht">
			<en>Greenhouse (cauliflower)</en>
			<de>Gewächshaus (Blumenkohl)</de>
			<fr>Serre (chou-fleur)</fr>
		</text>
		<text name="FabrikScript_BrauereiFass">
			<en>Brewery keg</en>
			<de>Brauerei Fass</de>
			<fr>Brasserie tonnelet</fr>
		</text>
		<text name="FabrikScript_BrauereiKasten">
			<en>Brewery case</en>
			<de>Brauerei Kasten</de>
			<fr>Brasserie caisse</fr>
		</text>
		<text name="FabrikScript_Brennerei_Korn">
			<en>Distillery (Korn)</en>
			<de>Brennerei (Korn)</de>
			<fr>Distillerie (grain)</fr>
		</text>
		<text name="FabrikScript_Brennerei_Obstler">
			<en>Distillery (fruit schnapps)</en>
			<de>Brennerei (Obstler)</de>
			<fr>Distillerie (schnaps)</fr>
		</text>
		<text name="FabrikScript_brueckenbau">
			<en>Bridge construction</en>
			<de>Brückenbau</de>
			<fr>Construction de ponts</fr>
		</text>
		<text name="FabrikScript_Cementfabrik">
			<en>Cement factory</en>
			<de>Zementfabrik</de>
			<fr>Usine de ciment</fr>
		</text>
		<text name="FabrikScript_compostlager">
			<en>Compost storage (fruit farm)</en>
			<de>Kompostlager (Obstfarm)</de>
			<fr>Centre de compostage (Serre)</fr>
		</text>
		<text name="FabrikScript_compostlager2">
			<en>Compost storage (greenhouses)</en>
			<de>Kompostlager (Gewächshäuser)</de>
			<fr>Centre de compostage (Verger)</fr>
		</text>
		<text name="FabrikScript_compostMaster2k17">
			<en>compostMaster 2k17</en>
			<de>compostMaster 2k17</de>
			<fr>Compost Master 2k17</fr>
		</text>
		<text name="FabrikScript_Diesel_Raffinerie">
			<en>Diesel refinery</en>
			<de>Diesel Raffinerie</de>
			<fr>Raffinerie de diesel</fr>
		</text>
		<text name="FabrikScript_Duenger_Prod">
			<en>Fertilizer production</en>
			<de>Düngerproduktion (Hof)</de>
			<fr>Usine à engrais</fr>
		</text>
		<text name="FabrikScript_Duenger_Prod2">
			<en>Fertilizer production 2</en>
			<de>Düngerproduktion (Rinderhof)</de>
			<fr>Usine à engrais 2</fr>
		</text>
		<text name="FabrikScript_Eierhof">
			<en>Egg farm 1</en>
			<de>Eier Produktion 1</de>
			<fr>Élevage d'œufs 1</fr>
		</text>
		<text name="FabrikScript_Eierhof2">
			<en>Egg farm 2</en>
			<de>Eier Produktion 2</de>
			<fr>Élevage d'œufs 2</fr>
		</text>
		<text name="FabrikScript_Fabrik">
			<en>Sawmill</en>
			<de>Sägewerk</de>
			<fr>Scierie</fr>
		</text>
		<text name="FabrikScript_Fertilizer">
			<en>Fertilizer store</en>
			<de>Düngerlager</de>
			<fr>Entrepôt à engrais</fr>
		</text>
		<text name="FabrikScript_Fischerei">
			<en>Fishery</en>
			<de>Fischerei</de>
			<fr>Pêcherie</fr>
		</text>
		<text name="FabrikScript_geldboxen">
			<en>Coin counter</en>
			<de>Münzzähler</de>
			<fr>Boite à argent</fr>
		</text>
		<text name="FabrikScript_GersteMehlfabrik">
			<en>Flour factory (barley)</en>
			<de>Mehlfabrik (Gerste)</de>
			<fr>Moulin (Orge)</fr>
		</text>
		<text name="FabrikScript_HofladenApfel">
			<en>Farm shop (apple)</en>
			<de>Hofladen (Apfel)</de>
			<fr>Boutique de la ferme (pomme)</fr>
		</text>
		<text name="FabrikScript_HofladenBirne">
			<en>Farm shop (peach)</en>
			<de>Hofladen (Birne)</de>
			<fr>Boutique de la ferme (poire)</fr>
		</text>
		<text name="FabrikScript_HofladenBlumenkohl">
			<en>Farm shop (cauliflower)</en>
			<de>Hofladen (Blumenkohl)</de>
			<fr>Boutique de la ferme (chou-fleur)</fr>
		</text>
		<text name="FabrikScript_Hofladenkirsche">
			<en>Farm shop (cherry)</en>
			<de>Hofladen (Kirsche)</de>
			<fr>Boutique de la ferme (cerise)</fr>
		</text>
		<text name="FabrikScript_HofladenPflaume">
			<en>Farm shop (plum)</en>
			<de>Hofladen (Pflaume)</de>
			<fr>Boutique de la ferme (prune)</fr>
		</text>
		<text name="FabrikScript_HofladenRotkohl">
			<en>Farm shop (red cabbage)</en>
			<de>Hofladen (Rotkohl)</de>
			<fr>Boutique de la ferme (chou rouge)</fr>
		</text>
		<text name="FabrikScript_Hofladensalat">
			<en>Farm shop (salad)</en>
			<de>Hofladen (Salat)</de>
			<fr>Boutique de la ferme (Salade)</fr>
		</text>
		<text name="FabrikScript_Hofladentomaten">
			<en>Farm shop (tomatoes)</en>
			<de>Hofladen (Tomate)</de>
			<fr>Boutique de la ferme (Tomate)</fr>
		</text>
		<text name="FabrikScript_Holzhacker">
			<en>Woodchopper</en>
			<de>Holzhacker</de>
			<fr>Scierie</fr>
		</text>
		<text name="FabrikScript_Kartoffelfabrik">
			<en>Potato factory</en>
			<de>Kartoffelfabrik</de>
			<fr>Usine de pommes de terre</fr>
		</text>
		<text name="FabrikScript_kartoffellager">
			<en>Storage (farm)</en>
			<de>Lagerhalle (Hof)</de>
			<fr>Entrepôt (Cour)</fr>
		</text>
		<text name="FabrikScript_kartoffellager2">
			<en>Storage (potato washer)</en>
			<de>Lagerhalle (Kartoffelwaschanlage)</de>
			<fr>Entrepôt (Lavage de pommes de terre)</fr>
		</text>
		<text name="FabrikScript_kaufbretterpalette">
			<en>DIY store</en>
			<de>Baumarkt (Bretter)</de>
			<fr>Magasin de bricolage</fr>
		</text>
		<text name="FabrikScript_kaufkartonpalette">
			<en>DIY store</en>
			<de>Baumarkt (Karton)</de>
			<fr>Magasin de bricolage</fr>
		</text>
		<text name="FabrikScript_kaufleerpalette">
			<en>DIY store</en>
			<de>Baumarkt (Leere Palette)</de>
			<fr>Magasin de bricolage</fr>
		</text>
		<text name="FabrikScript_kaufstahlpalette">
			<en>DIY store</en>
			<de>Baumarkt (Stahl)</de>
			<fr>Magasin de bricolage</fr>
		</text>
		<text name="FabrikScript_kies">
			<en>Gravel pit</en>
			<de>Kieswerk</de>
			<fr>Carrière de gravier</fr>
		</text>
		<text name="FabrikScript_Kiesverkauf">
			<en>Gravel sale</en>
			<de>Kiesverkauf</de>
			<fr>Vente de gravier</fr>
		</text>
		<text name="FabrikScript_Klaerwerk">
			<en>Wastewater treatment plant</en>
			<de>Klärwerk</de>
			<fr>Stations épuration</fr>
		</text>
		<text name="FabrikScript_KraftFutterHerstellung">
			<en>Feed factory</en>
			<de>Futterfabrik</de>
			<fr>Usine à alimentation</fr>
		</text>
		<text name="FabrikScript_Kuerbisfeld">
			<en>Pumpkin field</en>
			<de>Kürbisfeld</de>
			<fr>Champ de citrouille</fr>
		</text>
		<text name="FabrikScript_Lager_Apfel">
			<en>Pallet storage</en>
			<de>Palettenlager</de>
			<fr>Entrepôt à palettes</fr>
		</text>
		<text name="FabrikScript_Lager_Backwaren">
			<en>Pallet storage</en>
			<de>Palettenlager</de>
			<fr>Entrepôt à palettes</fr>
		</text>
		<text name="FabrikScript_Lager_Bierfass">
			<en>Pallet storage</en>
			<de>Palettenlager</de>
			<fr>Entrepôt à palettes</fr>
		</text>
		<text name="FabrikScript_Lager_Bierkasten">
			<en>Pallet storage</en>
			<de>Palettenlager</de>
			<fr>Entrepôt à palettes</fr>
		</text>
		<text name="FabrikScript_Lager_Birne">
			<en>Pallet storage</en>
			<de>Palettenlager</de>
			<fr>Entrepôt à palettes</fr>
		</text>
		<text name="FabrikScript_Lager_Blumenkohl">
			<en>Pallet storage</en>
			<de>Palettenlager</de>
			<fr>Entrepôt à palettes</fr>
		</text>
		<text name="FabrikScript_Lager_Brot">
			<en>Pallet storage</en>
			<de>Palettenlager</de>
			<fr>Entrepôt à palettes</fr>
		</text>
		<text name="FabrikScript_Lager_Butter">
			<en>Pallet storage</en>
			<de>Palettenlager</de>
			<fr>Entrepôt à palettes</fr>
		</text>
		<text name="FabrikScript_Lager_Chips">
			<en>Pallet storage</en>
			<de>Palettenlager</de>
			<fr>Entrepôt à palettes</fr>
		</text>
		<text name="FabrikScript_Lager_Fisch">
			<en>Pallet storage</en>
			<de>Palettenlager</de>
			<fr>Entrepôt à palettes</fr>
		</text>
		<text name="FabrikScript_Lager_Fleisch">
			<en>Pallet storage</en>
			<de>Palettenlager</de>
			<fr>Entrepôt à palettes</fr>
		</text>
		<text name="FabrikScript_Lager_kartoffelsack">
			<en>Pallet storage</en>
			<de>Palettenlager</de>
			<fr>Entrepôt à palettes</fr>
		</text>
		<text name="FabrikScript_Lager_Karton">
			<en>Pallet storage</en>
			<de>Palettenlager</de>
			<fr>Entrepôt à palettes</fr>
		</text>
		<text name="FabrikScript_Lager_Kirsche">
			<en>Pallet storage</en>
			<de>Palettenlager</de>
			<fr>Entrepôt à palettes</fr>
		</text>
		<text name="FabrikScript_Lager_Korn">
			<en>Pallet storage</en>
			<de>Palettenlager</de>
			<fr>Entrepôt à palettes</fr>
		</text>
		<text name="FabrikScript_Lager_Krabben">
			<en>Pallet storage</en>
			<de>Palettenlager</de>
			<fr>Entrepôt à palettes</fr>
		</text>
		<text name="FabrikScript_Lager_Kuchen">
			<en>Pallet storage</en>
			<de>Palettenlager</de>
			<fr>Entrepôt à palettes</fr>
		</text>
		<text name="FabrikScript_Lager_Leerpaletten">
			<en>Pallet storage</en>
			<de>Palettenlager</de>
			<fr>Entrepôt à palettes</fr>
		</text>
		<text name="FabrikScript_Lager_Mehl">
			<en>Pallet storage</en>
			<de>Palettenlager</de>
			<fr>Entrepôt à palettes</fr>
		</text>
		<text name="FabrikScript_Lager_Milch">
			<en>Pallet storage</en>
			<de>Palettenlager</de>
			<fr>Entrepôt à palettes</fr>
		</text>
		<text name="FabrikScript_Lager_obstler">
			<en>Pallet storage</en>
			<de>Palettenlager</de>
			<fr>Entrepôt à palettes</fr>
		</text>
		<text name="FabrikScript_Lager_oel">
			<en>Pallet storage</en>
			<de>Palettenlager</de>
			<fr>Entrepôt à palettes</fr>
		</text>
		<text name="FabrikScript_Lager_Papier">
			<en>Pallet storage</en>
			<de>Palettenlager</de>
			<fr>Entrepôt à palettes</fr>
		</text>
		<text name="FabrikScript_Lager_Pellets">
			<en>Pallet storage</en>
			<de>Palettenlager</de>
			<fr>Entrepôt à pellets</fr>
		</text>
		<text name="FabrikScript_Lager_Pflaume">
			<en>Pallet storage</en>
			<de>Palettenlager</de>
			<fr>Entrepôt à palettes</fr>
		</text>
		<text name="FabrikScript_Lager_pommes">
			<en>Pallet storage</en>
			<de>Palettenlager</de>
			<fr>Entrepôt à palettes</fr>
		</text>
		<text name="FabrikScript_Lager_Quark">
			<en>Pallet storage</en>
			<de>Palettenlager</de>
			<fr>Entrepôt à palettes</fr>
		</text>
		<text name="FabrikScript_Lager_Rotkohl">
			<en>Pallet storage</en>
			<de>Palettenlager</de>
			<fr>Entrepôt à palettes</fr>
		</text>
		<text name="FabrikScript_Lager_Sahne">
			<en>Pallet storage</en>
			<de>Palettenlager</de>
			<fr>Entrepôt à palettes</fr>
		</text>
		<text name="FabrikScript_Lager_Salat">
			<en>Pallet storage</en>
			<de>Palettenlager</de>
			<fr>Entrepôt à palettes</fr>
		</text>
		<text name="FabrikScript_Lager_Tomaten">
			<en>Pallet storage</en>
			<de>Palettenlager</de>
			<fr>Entrepôt à palettes</fr>
		</text>
		<text name="FabrikScript_Lager_washedPotato">
			<en>Pallet storage</en>
			<de>Palettenlager</de>
			<fr>Entrepôt à palettes</fr>
		</text>
		<text name="FabrikScript_Lager_Wurst">
			<en>Pallet storage</en>
			<de>Palettenlager</de>
			<fr>Entrepôt à palettes</fr>
		</text>
		<text name="FabrikScript_Lager_Yogurt">
			<en>Pallet storage</en>
			<de>Palettenlager</de>
			<fr>Entrepôt à palettes</fr>
		</text>
		<text name="FabrikScript_Lager_Zucker">
			<en>Pallet storage</en>
			<de>Palettenlager</de>
			<fr>Entrepôt à palettes</fr>
		</text>
		<text name="FabrikScript_Mischfutterstation">
			<en>Feed factory (cattle farm)</en>
			<de>Mischfutterstation (Rinderhof)</de>
			<fr>Usine à alimentation (Élevage de bétail)</fr>
		</text>
		<text name="FabrikScript_Molkerei">
			<en>Dairy</en>
			<de>Molkerei</de>
			<fr>Produits laitiers</fr>
		</text>
		<text name="FabrikScript_obst_apfel">
			<en>Fruit farm (apple)</en>
			<de>Obstfarm (Apfel)</de>
			<fr>Verger (Pomme)</fr>
		</text>
		<text name="FabrikScript_obst_birne">
			<en>Fruit farm (peach)</en>
			<de>Obstfarm (Birne)</de>
			<fr>Verger (Poire)</fr>
		</text>
		<text name="FabrikScript_obst_kirsche">
			<en>Fruit farm (cherry)</en>
			<de>Obstfarm (Kirsche)</de>
			<fr>Verger (Cerise)</fr>
		</text>
		<text name="FabrikScript_obst_pflaume">
			<en>Fruit farm (plum)</en>
			<de>Obstfarm (Pflaume)</de>
			<fr>Verger (Prune)</fr>
		</text>
		<text name="FabrikScript_Paletten_Fabrik">
			<en>Pallet factory</en>
			<de>Palettenwerk</de>
			<fr>Usine à palettes</fr>
		</text>
		<text name="FabrikScript_Pellets_Fabrik">
			<en>Pellet factoy</en>
			<de>Pelletfabrik</de>
			<fr>Usine à Pellets</fr>
		</text>
		<text name="FabrikScript_potatoWasher">
			<en>Potato washer 1</en>
			<de>Kartoffelwaschanlage 1</de>
			<fr>Lavage de pommes de terre 1</fr>
		</text>
		<text name="FabrikScript_potatoWasher2">
			<en>Potato washer 2</en>
			<de>Kartoffelwaschanlage 2</de>
			<fr>Lavage de pommes de terre 2</fr>
		</text>
		<text name="FabrikScript_Rinderzucht">
			<en>Cattle farm 1</en>
			<de>Rinderzucht 1</de>
			<fr>Élevage bovin 1</fr>
		</text>
		<text name="FabrikScript_Rinderzucht2">
			<en>Cattle farm 2</en>
			<de>Rinderzucht 2</de>
			<fr>Élevage bovin 2</fr>
		</text>
		<text name="FabrikScript_RoggenMehlfabrik">
			<en>Flour factory (rye)</en>
			<de>Mehlfabrik (Roggen)</de>
			<fr>Moulin (Seigle)</fr>
		</text>
		<text name="FabrikScript_Rotkohlzucht">
			<en>Greenhouse (red cabbage)</en>
			<de>Gewächshaus (Rotkohl)</de>
			<fr>Serre (chou rouge)</fr>
		</text>
		<text name="FabrikScript_Saat_Prod">
			<en>Seed production</en>
			<de>Saatgutproduktion (Hof)</de>
			<fr>Usine à semences</fr>
		</text>
		<text name="FabrikScript_Saat_Prod2">
			<en>Seed production 2</en>
			<de>Saatgutproduktion (Rinderhof)</de>
			<fr>Usine à semences 2</fr>
		</text>
		<text name="FabrikScript_Saatgut">
			<en>Seed storage</en>
			<de>Saatgutlager</de>
			<fr>Entrepôt à semences</fr>
		</text>
		<text name="FabrikScript_Salatzucht">
			<en>Greenhouse (salad)</en>
			<de>Gewächshaus (Salat)</de>
			<fr>Serre (Salade)</fr>
		</text>
		<text name="FabrikScript_sand">
			<en>sand pit</en>
			<de>Sandgrube</de>
			<fr>Fosse de sable</fr>
		</text>
		<text name="FabrikScript_Sandverkauf">
			<en>Sand sale</en>
			<de>Sandverkauf</de>
			<fr>Vente de sable</fr>
		</text>
		<text name="FabrikScript_Schlachterei">
			<en>Butcher</en>
			<de>Schlachter</de>
			<fr>Boucher</fr>
		</text>
		<text name="FabrikScript_Schweinefutter">
			<en>Pig food storage</en>
			<de>Schweinefutterlager</de>
			<fr>Entrepôt alimentation de porc</fr>
		</text>
		<text name="FabrikScript_Schweinefutterstation">
			<en>Pig food production</en>
			<de>Schweinefutterstation</de>
			<fr>Production alimentation de porc</fr>
		</text>
		<text name="FabrikScript_Speiseoel_Fabrik">
			<en>Cooking oil factory</en>
			<de>Speiseöl Fabrik</de>
			<fr>Usine d'huile comestible</fr>
		</text>
		<text name="FabrikScript_Tomatenzucht">
			<en>Greenhouse (Tomato)</en>
			<de>Gewächshaus (Tomate)</de>
			<fr>Serre (Tomate)</fr>
		</text>
		<text name="FabrikScript_Weberei">
			<en>Weaving mill</en>
			<de>Weberei</de>
			<fr>Tissage</fr>
		</text>
		<text name="FabrikScript_WeizenMehlfabrik">
			<en>Flour factory (wheat)</en>
			<de>Mehlfabrik (Weizen)</de>
			<fr>Moulin (Blé)</fr>
		</text>
		<text name="FabrikScript_Zellstoff_Fabrik">
			<en>Pulp factory</en>
			<de>Zellstofffabrik</de>
			<fr>Usine à papier et carton</fr>
		</text>
		<text name="FabrikScript_Zementverkauf">
			<en>Cement sale</en>
			<de>Zementverkauf</de>
			<fr>Ventes de ciment</fr>
		</text>
		<text name="FabrikScript_Zuckerfabrik">
			<en>Sugar refinery</en>
			<de>Zuckerfabrik</de>
			<fr>Usine de sucre</fr>
		</text>
		<text name="FabrikScript_zuckerrueben">
			<en>Sugar beet storage</en>
			<de>Zuckerrübenlager (Hof)</de>
			<fr>Stockage betterave (Cour)</fr>
		</text>
	</l10n>
</mapconfig>